C001,Kitty Tan,kitty.tan@gmail.com
C002,Samuel Lee,samuel.lee@gmail.com
C003,Jane Goh,jane.goh@gmail.com
C004,Greg Stewart,greg.stewart@gmail.com
C005,Tim James,tim.james@gmail.com
C006,Jack Smith,jack.com
